<?xml version="1.0" encoding="UTF-8" standalone="yes"?>
<addon id="plugin.program.fancyinstaller" name="[COLOR springgreen][B]Fancy[/B][/COLOR] [COLOR snow][B]Installer[/B][/COLOR]" version="0.0.1" provider-name="dodgey">
  <requires>
    <import addon="xbmc.python" version="2.1.0"/>
    <import addon="script.module.requests" version="2.12.4"/>    
  </requires>
  <extension point="xbmc.python.pluginsource" library="default.py">
    <provides>program executable</provides>
  </extension>
  <extension point="xbmc.addon.metadata">
    <summary lang="en">Welcome to the Fancy Installer</summary>
    <description lang="en">This software gives you the ability to install selected apps and updates onto your media box</description>
	<disclaimer></disclaimer>
     <language></language>
    <platform>all</platform>
    <license>GNU GENERAL PUBLIC LICENSE. Version 2, June 1991</license>
    <forum></forum>
    <email></email>
    <source></source>
    <news></news>
    <assets>
        <icon>resources/art/icon.png</icon>
        <fanart>resources/art/fanart.jpg</fanart>
    </assets>
  </extension>
</addon>